0,1
"La réforme des retraites, une équation insoluble pour le gouvernement",https://www.lemonde.fr/politique/article/2020/10/13/reforme-des-retraites-l-equation-insoluble_6055839_823448.html
L’UE adopte des critères non contraignants pour les zones à risques et les restrictions de voyage,https://www.lemonde.fr/planete/article/2020/10/13/coronavirus-adoption-de-criteres-communs-pour-les-restrictions-de-voyage-dans-l-ue_6055851_3244.html
"La faillite de la démocratie aux Etats-Unis, épisode 2 : la disparité des règles de vote selon les Etats",https://www.lemonde.fr/international/article/2020/10/13/les-failles-de-la-democratie-americaine-episode-2-la-disparite-des-regles-de-vote-risque-de-creer-la-confusion_6055826_3210.html
« Je ne m’occupe plus que du Covid » : paroles d’infirmiers et de médecins scolaires,https://www.lemonde.fr/education/article/2020/10/12/je-ne-m-occupe-plus-que-du-covid-infirmiers-et-medecins-scolaires-en-premiere-ligne_6055731_1473685.html
Qu’est-ce que la 5G va changer pour les particuliers ?,https://www.lemonde.fr/les-decodeurs/article/2020/09/19/qu-est-ce-que-la-5g-va-changer-pour-les-particuliers_6052813_4355770.html
"Les milliards d’euros du plan de relance pleuvent, mais les montants réels ne suivent pas toujours",https://www.lemonde.fr/idees/article/2020/10/13/les-trompe-l-il-du-plan-de-relance_6055788_3232.html
"En Amérique latine, le Covid-19 révèle l’ampleur de la corruption des systèmes de santé",https://www.lemonde.fr/international/article/2020/10/13/covid-19-la-pandemie-revele-l-ampleur-de-la-corruption-des-systemes-de-sante-en-amerique-latine_6055833_3210.html
"Bars, fêtes, piscines et salles de sports… quelles sont les restrictions dans votre ville ou département ?",https://www.lemonde.fr/les-decodeurs/article/2020/09/24/coronavirus-zones-d-alerte-bars-fetes-ce-que-l-on-sait-des-nouvelles-restrictions_6053500_4355770.html
En cartes et graphiques : visualisez l’évolution de l’épidémie de Covid-19 en France et dans le monde,https://www.lemonde.fr/les-decodeurs/article/2020/05/05/coronavirus-age-mortalite-departements-pays-suivez-l-evolution-de-l-epidemie-en-cartes-et-graphiques_6038751_4355770.html
La France jugée en « position intermédiaire » dans sa gestion de la crise sanitaire,https://www.lemonde.fr/planete/article/2020/10/13/la-france-en-position-intermediaire-face-a-la-pandemie-de-covid-19_6055842_3244.html
"« Si on ne fait rien, dans un mois c’est la catastrophe » : face à la deuxième vague, quelles sont les options du gouvernement ?",https://www.lemonde.fr/planete/article/2020/10/13/reconfinement-couvre-feu-face-a-la-deuxieme-vague-quelles-sont-les-options-du-gouvernement_6055782_3244.html
Grippe saisonnière : qui est incité à se faire vacciner et pourquoi,https://www.lemonde.fr/societe/article/2020/10/13/la-campagne-de-vaccination-contre-la-grippe-saisonniere-debute-en-pleine-deuxieme-vague-de-covid-19_6055834_3224.html
Le FMI prévoit une reprise économique mondiale « longue et difficile »,https://www.lemonde.fr/economie/article/2020/10/13/le-fmi-prevoit-une-reprise-economique-mondiale-longue-et-difficile_6055859_3234.html
Les fausses promesses de l’hybride rechargeable,https://www.lemonde.fr/m-le-mag/article/2020/10/13/l-hybride-rechargeable-au-banc-des-accuses_6055775_4500055.html
L’UE s’apprête à sanctionner « vite » Moscou pour l’empoisonnement de Navalny,https://www.lemonde.fr/international/article/2020/10/13/l-ue-s-apprete-a-sanctionner-vite-moscou-pour-l-empoisonnement-de-navalny_6055829_3210.html
"Les lycéennes en minijupe, un mauvais symbole du respect des femmes au Japon",https://www.lemonde.fr/les-decodeurs/article/2020/10/13/les-lyceennes-en-minijupe-un-mauvais-symbole-du-respect-des-femmes-au-japon_6055862_4355770.html
Des salariés bloquent les expéditions de carburant de la raffinerie Total de Grandpuits,https://www.lemonde.fr/economie/article/2020/10/13/des-salaries-bloquent-les-expeditions-de-carburant-de-la-raffinerie-total-de-grandpuits_6055853_3234.html
Les salades grecques d’EDF Renouvelables,https://www.lemonde.fr/economie/article/2020/10/13/les-salades-grecques-d-edf-renouvelables_6055825_3234.html
"Stepanakert, capitale fantôme du Haut-Karabakh",https://www.lemonde.fr/international/article/2020/10/12/stepanakert-capitale-fantome-du-haut-karabakh_6055714_3210.html
"« Il y a autant de chances que je vote Biden que Mickey Mouse » : avant la présidentielle, retour en Amérique profonde",https://www.lemonde.fr/international/article/2020/10/13/election-presidentielle-aux-etats-unis-la-campagne-vue-de-la-campagne_6055795_3210.html
"« Ce n’est pas la guerre ici, ce n’est pas Bagdad » : à Champigny, le désarroi des habitants après l’attaque du commissariat",https://www.lemonde.fr/societe/article/2020/10/13/champigny-sur-marne-apres-l-attaque-du-commissariat-le-desarroi-des-habitants_6055787_3224.html
Brexit : la nécessité d’un accord,https://www.lemonde.fr/idees/article/2020/10/13/brexit-la-necessite-d-un-accord_6055841_3232.html
« La “Philippe mania” est en passe de devenir le phénomène politique de l’automne »,https://www.lemonde.fr/idees/article/2020/10/13/la-philippe-mania-est-en-passe-de-devenir-le-phenomene-politique-de-l-automne_6055780_3232.html
"Chez British Airways, « duel d’Espagnols dans le ciel anglais »",https://www.lemonde.fr/economie/article/2020/10/13/chez-british-airways-duel-d-espagnols-dans-le-ciel-anglais_6055838_3234.html
"La faillite de la démocratie aux Etats-Unis, épisode 2 : la disparité des règles de vote selon les Etats",https://www.lemonde.fr/international/article/2020/10/13/les-failles-de-la-democratie-americaine-episode-2-la-disparite-des-regles-de-vote-risque-de-creer-la-confusion_6055826_3210.html
"« Il y a autant de chances que je vote Biden que Mickey Mouse » : avant la présidentielle, retour en Amérique profonde",https://www.lemonde.fr/international/article/2020/10/13/election-presidentielle-aux-etats-unis-la-campagne-vue-de-la-campagne_6055795_3210.html
"« Donald Trump est un personnage de l’outrance, nous sommes habitués à sa logorrhée menaçante »",https://www.lemonde.fr/international/article/2020/10/12/presidentielle-aux-etats-unis-trump-est-un-personnage-de-l-outrance-nous-sommes-habitues-a-sa-logorrhee-menacante_6055759_3210.html
Le bilan économique de Donald Trump anéanti par le Covid-19,https://www.lemonde.fr/idees/article/2020/10/12/le-bilan-economique-de-trump-aneanti-par-le-covid_6055718_3232.html
"Donald Trump, sur la défensive, joue son va-tout face à Joe Biden",https://www.lemonde.fr/international/article/2020/10/12/presidentielle-americaine-sur-la-defensive-donald-trump-joue-son-va-tout-face-a-joe-biden_6055713_3210.html
La procédure de confirmation de la juge Barrett s’invite dans la présidentielle américaine,https://www.lemonde.fr/international/article/2020/10/12/presidentielle-americaine-j-22-la-procedure-de-confirmation-de-la-juge-barrett-s-invite-dans-la-campagne-presidentielle_6055677_3210.html
"En Espagne, Madrid et une quarantaine de villes du pays sont fermées pour limiter la propagation du Covid-19",https://www.lemonde.fr/international/article/2020/10/13/en-espagne-madrid-et-une-quarantaine-de-villes-du-pays-sont-fermees-pour-limiter-la-propagation-du-covid-19_6055824_3210.html
"Pour éradiquer la faim d’ici à 2030, les donateurs devront doubler leurs dépenses",https://www.lemonde.fr/planete/article/2020/10/13/pour-eradiquer-la-faim-d-ici-a-2030-les-donateurs-devront-doubler-leurs-depenses_6055778_3244.html
Des chevaux mutilés et un ennemi invisible : propriétaires et éleveurs inquiets de devenir la prochaine « cible à abattre »,https://www.lemonde.fr/planete/article/2020/10/07/en-bretagne-proprietaires-et-eleveurs-inquiets-de-voir-leurs-chevaux-mutiles-par-un-ennemi-invisible_6055037_3244.html
"« Si on ne fait rien, dans un mois c’est la catastrophe » : face à la deuxième vague, quelles sont les options du gouvernement ?",https://www.lemonde.fr/planete/article/2020/10/13/reconfinement-couvre-feu-face-a-la-deuxieme-vague-quelles-sont-les-options-du-gouvernement_6055782_3244.html
"L’infectiologue Didier Pittet, « docteur Mains propres »",https://www.lemonde.fr/planete/article/2020/10/13/l-infectiologue-didier-pittet-docteur-mains-propres_6055821_3244.html
APPEL À TÉMOIGNAGES,https://www.lemonde.fr/societe/live/2020/10/13/soignant-e-comptez-vous-vous-faire-vacciner-contre-la-grippe-cette-annee-temoignez_6055858_3224.html
L’UE adopte des critères non contraignants pour les zones à risques et les restrictions de voyage,https://www.lemonde.fr/planete/article/2020/10/13/coronavirus-adoption-de-criteres-communs-pour-les-restrictions-de-voyage-dans-l-ue_6055851_3244.html
Frédéric Ducarme : « L’idée de nature est un concept très... culturel »,https://www.lemonde.fr/sciences/article/2020/10/10/frederic-ducarme-l-idee-de-nature-est-un-concept-tres-culturel_6055580_1650684.html
Covid-19 : la consommation de médicaments fortement modifiée pendant le confinement… et après,https://www.lemonde.fr/sciences/article/2020/10/09/covid-19-la-consommation-de-medicaments-fortement-modifiee-pendant-le-confinement-et-apres_6055378_1650684.html
Le Nobel de chimie décerné à Emmanuelle Charpentier et à Jennifer Doudna pour les « ciseaux moléculaires »,https://www.lemonde.fr/sciences/article/2020/10/07/le-prix-nobel-de-chimie-a-la-francaise-emmanuelle-charpentier-et-l-americaine-jennifer-doudna-pour-les-ciseaux-moleculaires_6055125_1650684.html
Les castors font barrage aux feux de forêt,https://www.lemonde.fr/sciences/article/2020/10/11/les-castors-font-barrage-aux-feux-de-foret_6055632_1650684.html
Un théoricien et deux « attrapeurs » de trous noirs récompensés par le Nobel de physique,https://www.lemonde.fr/sciences/article/2020/10/06/le-nobel-de-physique-pour-trois-specialistes-des-trous-noirs_6055015_1650684.html
"Humains et chiens se regardent différemment 
01:47",https://www.lemonde.fr/sciences/video/2020/10/09/humains-et-chiens-se-regardent-differemment_6055373_1650684.html
Covid-19 : cas groupés dans une crèche en Pologne,https://www.lemonde.fr/blog/realitesbiomedicales/2020/10/11/covid-19-cas-groupes-dans-une-creche-en-pologne/
"Sur la 5G, ce qui est vrai, ce qui est faux et ce qu’on ne sait pas encore",https://www.lemonde.fr/les-decodeurs/article/2020/09/24/5g-le-vrai-le-faux-et-ce-qu-on-ne-sait-pas-encore_6053447_4355770.html
"Elections sénatoriales : la droite renforcée, LRM stable et le retour des écologistes",https://www.lemonde.fr/les-decodeurs/article/2020/09/27/senatoriales-2020-retrouvez-les-resultats-du-scrutin_6053808_4355770.html
"Par âge ou département, visualisez l’évolution des contaminations en France",https://www.lemonde.fr/les-decodeurs/article/2020/07/17/coronavirus-dans-quels-departements-teste-t-on-le-plus-ou-y-a-t-il-le-plus-de-nouveaux-cas-detectes_6046543_4355770.html
"Bars, fêtes, piscines et salles de sports… quelles sont les restrictions dans votre ville ou département ?",https://www.lemonde.fr/les-decodeurs/article/2020/09/24/coronavirus-zones-d-alerte-bars-fetes-ce-que-l-on-sait-des-nouvelles-restrictions_6053500_4355770.html
Comment les scientifiques jugent la stratégie sanitaire française,https://www.lemonde.fr/les-decodeurs/article/2020/09/30/masques-mesures-communication-comment-les-scientifiques-jugent-la-strategie-sanitaire-face-au-covid-19_6054250_4355770.html
"Les lycéennes en minijupe, un mauvais symbole du respect des femmes au Japon",https://www.lemonde.fr/les-decodeurs/article/2020/10/13/les-lyceennes-en-minijupe-un-mauvais-symbole-du-respect-des-femmes-au-japon_6055862_4355770.html
"Coronavirus, Haut-Karabakh, Roland-Garros… les cinq infos à retenir du week-end",https://www.lemonde.fr/les-decodeurs/article/2020/10/11/coronavirus-haut-karabakh-roland-garros-les-cinq-infos-a-retenir-du-week-end_6055634_4355770.html
"Face à la deuxième vague de Covid-19, Moscou rechigne à imposer des mesures drastiques",https://www.lemonde.fr/international/article/2020/10/13/face-a-la-deuxieme-vague-de-covid-19-moscou-rechigne-a-imposer-des-mesures-drastiques_6055830_3210.html
"En Angleterre, une grande partie du Nord soumise à des restrictions supplémentaires",https://www.lemonde.fr/international/article/2020/10/13/covid-19-des-pans-entiers-du-nord-de-l-angleterre-soumis-a-des-restrictions-supplementaires_6055771_3210.html
L’UE s’apprête à sanctionner « vite » Moscou pour l’empoisonnement de Navalny,https://www.lemonde.fr/international/article/2020/10/13/l-ue-s-apprete-a-sanctionner-vite-moscou-pour-l-empoisonnement-de-navalny_6055829_3210.html
"En Bulgarie, les manifestations contre « la dictature de la mafia » ne s’arrêtent pas",https://www.lemonde.fr/international/article/2020/10/13/en-bulgarie-les-manifestations-contre-la-dictature-de-la-mafia-ne-s-arretent-pas_6055794_3210.html
"La faillite de la démocratie aux Etats-Unis, épisode 2 : la disparité des règles de vote selon les Etats",https://www.lemonde.fr/international/article/2020/10/13/les-failles-de-la-democratie-americaine-episode-2-la-disparite-des-regles-de-vote-risque-de-creer-la-confusion_6055826_3210.html
"Les lycéennes en minijupe, un mauvais symbole du respect des femmes au Japon",https://www.lemonde.fr/les-decodeurs/article/2020/10/13/les-lyceennes-en-minijupe-un-mauvais-symbole-du-respect-des-femmes-au-japon_6055862_4355770.html
Violences policières au Nigeria : la jeunesse maintient la pression,https://www.lemonde.fr/afrique/article/2020/10/13/violences-policieres-au-nigeria-la-jeunesse-maintient-la-pression_6055854_3212.html
Budget 2021 : le gouvernement reste droit dans ses bottes,https://www.lemonde.fr/politique/article/2020/10/12/budget-2021-le-gouvernement-reste-droit-dans-ses-bottes_6055764_823448.html
Mesures Covid-19 : le gouvernement examinera mercredi les données épidémiologiques,https://www.lemonde.fr/planete/article/2020/10/12/jean-castex-n-exclut-pas-des-reconfinements-locaux-en-france_6055691_3244.html
Jean Castex peine à imposer son autorité à sa majorité comme à ses ministres,https://www.lemonde.fr/politique/article/2020/10/13/jean-castex-peine-a-imposer-son-autorite-a-sa-majorite-comme-a-ses-ministres_6055789_823448.html
"Pourquoi Emmanuel Macron a choisi Dominique Simonnot, du « Canard enchaîné », comme contrôleuse des prisons",https://www.lemonde.fr/societe/article/2020/10/13/pourquoi-macron-a-choisi-une-journaliste-du-canard-enchaine-comme-controleuse-des-prisons_6055813_3224.html
La convention citoyenne pour le climat interpelle Emmanuel Macron,https://www.lemonde.fr/climat/article/2020/10/13/la-convention-citoyenne-interpelle-emmanuel-macron_6055820_1652612.html
"La réforme des retraites, une équation insoluble pour le gouvernement",https://www.lemonde.fr/politique/article/2020/10/13/reforme-des-retraites-l-equation-insoluble_6055839_823448.html
Retraites : un déficit légèrement supérieur à 25 milliards d’euros en 2020,https://www.lemonde.fr/politique/article/2020/10/13/retraites-un-deficit-legerement-superieur-a-25-milliards-d-euros-en-2020_6055836_823448.html
"Au procès de Sid Ahmed Ghlam, l’ombre des « logisticiens » de l’Etat islamique",https://www.lemonde.fr/societe/article/2020/10/13/au-proces-de-sid-ahmed-ghlam-l-ombre-des-logisticiens-de-l-etat-islamique_6055827_3224.html
L’organisme HLM de Rennes sanctionné pour avoir utilisé le fichier des locataires à des fins politiques,https://www.lemonde.fr/societe/article/2020/10/12/l-organisme-hlm-de-rennes-sanctionne-pour-avoir-utilise-le-fichier-des-locataires-a-des-fins-politiques_6055749_3224.html
"« Il y a encore dix ans, on parlait de chamailleries, on est sorti du déni » : 120 propositions contre le harcèlement en milieu scolaire",https://www.lemonde.fr/politique/article/2020/10/13/120-propositions-pour-lutter-contre-le-harcelement-en-milieu-scolaire_6055784_823448.html
La fusion en cours fait rater sa rentrée à l’université de Paris,https://www.lemonde.fr/societe/article/2020/10/13/la-fusion-en-cours-fait-rater-sa-rentree-a-l-universite-de-paris_6055857_3224.html
"Procès des attentats de janvier 2015 : Nezar Pastor, la duplicité d’un accusé",https://www.lemonde.fr/societe/article/2020/10/13/proces-des-attentats-de-janvier-2015-nezar-pastor-la-duplicite-d-un-accuse_6055822_3224.html
La solitude et la « rigidité » du « djihadiste au marteau » au premier jour de son procès,https://www.lemonde.fr/societe/article/2020/10/13/la-solitude-et-la-rigidite-du-djihadiste-au-marteau-au-premier-jour-de-son-proces_6055781_3224.html
"« Ce n’est pas la guerre ici, ce n’est pas Bagdad » : à Champigny, le désarroi des habitants après l’attaque du commissariat",https://www.lemonde.fr/societe/article/2020/10/13/champigny-sur-marne-apres-l-attaque-du-commissariat-le-desarroi-des-habitants_6055787_3224.html
Les majors du pétrole face à leurs engagements climatiques,https://www.lemonde.fr/economie/article/2020/10/13/petrole-les-majors-face-a-leurs-engagements-climatiques_6055786_3234.html
Les salades grecques d’EDF Renouvelables,https://www.lemonde.fr/economie/article/2020/10/13/les-salades-grecques-d-edf-renouvelables_6055825_3234.html
"Le prix Nobel d’économie 2020 revient à Paul Milgrom et Robert Wilson, spécialistes de la vente aux enchères",https://www.lemonde.fr/economie/article/2020/10/13/le-prix-nobel-d-economie-2020-revient-a-des-specialistes-de-la-vente-aux-encheres_6055783_3234.html
"A Bordeaux, écologistes et chefs d’entreprises s’apprivoisent",https://www.lemonde.fr/economie/article/2020/10/13/a-bordeaux-ecologistes-et-chefs-d-entreprises-s-apprivoisent_6055779_3234.html
Nouvelle partie de poker menteur chez Lagardère,https://www.lemonde.fr/economie/article/2020/10/13/nouvelle-partie-de-poker-menteur-chez-lagardere_6055845_3234.html
L’immobilier francilien de bureaux bouleversé par la crise sanitaire,https://www.lemonde.fr/economie/article/2020/10/13/l-immobilier-francilien-de-bureaux-bouleverse-par-la-crise-sanitaire_6055831_3234.html
Faillites dans le monde : le pire est à venir pour les entreprises,https://www.lemonde.fr/economie/article/2020/10/13/faillites-dans-le-monde-le-pire-est-a-venir-pour-les-entreprises_6055823_3234.html
Que deviennent les informations collectées par les restaurants dans le cadre des mesures sanitaires ?,https://www.lemonde.fr/pixels/article/2020/10/07/cahier-de-rappel-covid-19-dans-les-restaurants-que-dit-la-loi-sur-les-donnees-des-clients_6055155_4408996.html
"Données de santé : le gouvernement veut rapatrier le Health Data Hub, hébergé chez Microsoft",https://www.lemonde.fr/pixels/article/2020/10/09/donnees-de-sante-le-gouvernement-veut-rapatrier-le-health-data-hub-heberge-chez-microsoft_6055394_4408996.html
"« Mèmes décentralisés », ou l’humour Web qui se moque autant de Paris que de la province",https://www.lemonde.fr/pixels/article/2020/10/07/memes-decentralises-sur-la-piste-des-jean-pierre-pernaut-de-l-humour-internet_6055156_4408996.html
"On a testé : « Star Wars : Squadrons », un simulateur de bataille spatiale qui manque de carburant",https://www.lemonde.fr/pixels/article/2020/10/09/on-a-teste-star-wars-squadrons-un-simulateur-de-bataille-spatiale-qui-manque-de-carburant_6055371_4408996.html
Casser « Big Tech »,https://www.lemonde.fr/pixels/article/2020/10/13/casser-big-tech_6055799_4408996.html
Facebook interdit désormais les messages négationnistes partout dans le monde,https://www.lemonde.fr/pixels/article/2020/10/12/facebook-interdit-desormais-les-messages-negationnistes-partout-dans-le-monde_6055748_4408996.html
Cartes graphiques RTX 3000 : les problèmes de stocks devraient perdurer jusqu’en 2021,https://www.lemonde.fr/pixels/article/2020/10/12/cartes-graphiques-rtx-3000-les-problemes-de-stocks-devraient-perdurer-jusqu-en-2021_6055730_4408996.html
Un Nobel pour la poétesse américaine Louise Glück,https://www.lemonde.fr/culture/article/2020/10/09/un-nobel-pour-la-poetesse-americaine-louise-gluck_6055376_3246.html
Musique : toutes les cordes de Didier Lockwood,https://www.lemonde.fr/culture/article/2020/10/09/musique-toutes-les-cordes-de-didier-lockwood_6055452_3246.html
Opéra : « Görge le rêveur » enfin réveillé,https://www.lemonde.fr/culture/article/2020/10/09/opera-gorge-le-reveur-enfin-reveille_6055456_3246.html
"A la Scala Paris, 2e2m donne un concert iconoclaste et souriant en hommage à Paul Méfano",https://www.lemonde.fr/culture/article/2020/10/12/a-la-scala-paris-2e2m-donne-un-concert-iconoclaste-et-souriant-en-hommage-a-paul-mefano_6055755_3246.html
Théâtre : les habits modernes du Grand Inquisiteur de Dostoïevski,https://www.lemonde.fr/culture/article/2020/10/12/theatre-les-habits-modernes-du-grand-inquisiteur-de-dostoievski_6055729_3246.html
Exposition : influenceuses beautés de l’époque Edo,https://www.lemonde.fr/culture/article/2020/10/12/exposition-influenceuses-beautes-de-l-epoque-edo_6055681_3246.html
La bande des « Dix pour cent » à la conquête du monde,https://www.lemonde.fr/culture/article/2020/10/09/la-bande-des-dix-pour-cent-a-la-conquete-du-monde_6055458_3246.html
"Deux équipes abandonnent le Tour d’Italie, rattrapées par le Covid-19",https://www.lemonde.fr/sport/article/2020/10/13/tour-d-italie-l-equipe-mitchelton-scott-rattrapee-par-le-covid-19-se-retire_6055837_3242.html
"Roland-Garros est fini, rendez-nous le vrai « Roland »",https://www.lemonde.fr/tennis/article/2020/10/12/roland-garros-est-fini-rendez-nous-le-vrai-roland_6055669_1616659.html
"NBA : le sacre des Los Angeles Lakers, franchise historique de retour au sommet du basket américain",https://www.lemonde.fr/sport/article/2020/10/12/nba-le-sacre-des-los-angeles-lakers-franchise-historique-de-retour-au-sommet-du-basket-americain_6055658_3242.html
"En sport, la frontière est mince entre innovation et dopage technologique",https://www.lemonde.fr/sport/article/2020/10/12/en-sport-la-frontiere-est-mince-entre-innovation-et-dopage-technologique_6055728_3242.html
"Racisme, colonies, génocide : la sélection essais du « Monde Afrique »",https://www.lemonde.fr/afrique/article/2020/10/12/racisme-colonies-genocide-la-selection-essais-du-monde-afrique_6055763_3212.html
Esquisser le « Mali nouveau » : la délicate mission du premier ministre Moctar Ouane,https://www.lemonde.fr/afrique/article/2020/10/12/esquisser-le-mali-nouveau-la-delicate-mission-du-premier-ministre-moctar-ouane_6055765_3212.html
"Boribana, le bidonville d’Abidjan sacrifié sur l’autel du développement",https://www.lemonde.fr/afrique/article/2020/10/12/boribana-le-bidonville-d-abidjan-sacrifie-sur-l-autel-du-developpement_6055753_3212.html
"« Les remises de dette des pays en développement ne doivent plus être considérées comme un drame, mais comme un partage des risques »",https://www.lemonde.fr/idees/article/2020/10/12/les-remises-de-dette-des-pays-en-developpement-ne-doivent-plus-etre-considerees-comme-un-drame-mais-comme-un-partage-des-risques_6055679_3232.html
"Mohamed Ramadan, le bad boy des écrans égyptiens",https://www.lemonde.fr/blog/filiu/2020/10/11/mohamed-ramadan-le-bad-boy-des-ecrans-egyptiens/
"« Nous étouffons sous nos masques, la pression et la peur » : journal d’un médecin de campagne algérien au temps du coronavirus",https://www.lemonde.fr/afrique/article/2020/10/11/nous-etouffons-sous-nos-masques-la-pression-le-desarroi-et-la-peur-journal-d-un-medecin-de-campagne-algerien-au-temps-du-coronavirus_6055608_3212.html
Violences policières au Nigeria : la jeunesse maintient la pression,https://www.lemonde.fr/afrique/article/2020/10/13/violences-policieres-au-nigeria-la-jeunesse-maintient-la-pression_6055854_3212.html
"Voltaire, premier islamo-gauchiste de l’histoire ?",https://www.lemonde.fr/le-monde-des-religions/article/2020/10/10/voltaire-premier-islamo-gauchiste-de-l-histoire_6055512_6038514.html
Comment les chrétiens évangéliques s’organisent pour faire gagner Donald Trump,https://www.lemonde.fr/international/article/2020/10/11/comment-les-chretiens-evangeliques-s-organisent-pour-faire-gagner-donald-trump_6055595_3210.html
Nicolas Hulot et Frédéric Lenoir : « Il faut absolument sortir de cette logique absurde de croissance infinie dans un monde fini »,https://www.lemonde.fr/le-monde-des-religions/article/2020/10/04/nicolas-hulot-et-frederic-lenoir-il-faut-absolument-sortir-de-cette-logique-absurde-de-croissance-infinie-dans-un-monde-fini_6054685_6038514.html
"« Les religions, qu’ont-elles encore à nous dire ? » au Forum des religions de Strasbourg du 15 au 18 octobre",https://www.lemonde.fr/le-monde-des-religions/article/2020/10/08/les-religions-qu-ont-elles-encore-a-nous-dire-au-forum-des-religions-de-strasbourg_6055209_6038514.html
« Il faut que la théologie redevienne un bien commun et se développe dans les universités publiques »,https://www.lemonde.fr/idees/article/2020/10/11/il-faut-que-la-theologie-redevienne-un-bien-commun-et-se-developpe-dans-les-universites-publiques_6055596_3232.html
Islamisme à l’école : retrouver le sens des proportions,https://www.lemonde.fr/idees/article/2020/10/09/islamisme-a-l-ecole-retrouver-le-sens-des-chiffres_6055349_3232.html
"Mohammed Moussaoui : « Les réformes de l’organisation du culte musulman sont urgentes, utiles et nécessaires »",https://www.lemonde.fr/idees/article/2020/10/08/les-reformes-de-l-organisation-du-culte-musulman-sont-urgentes-utiles-et-necessaires_6055201_3232.html
"« L’Etoffe des héros », « La Flamme », « Emily in Paris »... les séries de la semaine",https://www.lemonde.fr/culture/article/2020/10/13/l-etoffe-des-heros-la-flamme-emily-in-paris-les-series-de-la-semaine_6055769_3246.html
"Janis Joplin en BD, l’abécédaire d’Eddy Mitchell… Sept livres sur la musique",https://www.lemonde.fr/musiques/article/2020/10/12/janis-joplin-en-bd-l-abecedaire-d-eddy-mitchell-sept-livres-sur-la-musique_6055645_1654986.html
Cinq hébergements pour télétravailler au vert,https://www.lemonde.fr/m-styles/article/2020/10/11/cinq-hebergements-pour-teletravailler-au-vert_6055591_4497319.html
"Musical, historique ou littéraire : nos replays du week-end",https://www.lemonde.fr/televisions-radio/article/2020/10/10/musical-historique-ou-litteraire-nos-replays-du-week-end_6055505_1655027.html
"Un promeneur solitaire, un roi et des nettoyeurs du Web : nos choix de lecture",https://www.lemonde.fr/livres/article/2020/10/08/un-promeneur-solitaire-un-roi-et-des-nettoyeurs-du-web-nos-choix-de-lecture_6055186_3260.html
"Des filles-mères, un road-movie en Israël, un polar iranien… les films à l’affiche",https://www.lemonde.fr/cinema/article/2020/10/06/des-filles-meres-un-road-movie-en-israel-un-polar-iranien-les-films-a-l-affiche_6055026_3476.html
Les élections américaines en dix séries,https://www.lemonde.fr/culture/article/2020/10/06/les-elections-americaines-en-dix-series_6054864_3246.html
"Jean Genet, ses écrits secrets enfin révélés",https://www.lemonde.fr/m-le-mag/article/2020/10/09/jean-genet-ses-ecrits-secrets-enfin-reveles_6055442_4500055.html
Le tartan se tient à carreaux,https://www.lemonde.fr/m-le-mag/article/2020/10/12/le-tartan-se-tient-a-carreaux_6055762_4500055.html
Attentats de 2015 : le Fonds du 11 janvier touche à sa fin,https://www.lemonde.fr/m-le-mag/article/2020/10/13/attentats-de-2015-le-fonds-du-11-janvier-touche-a-sa-fin_6055798_4500055.html
Fred Perry désavoue ses adeptes d’extrême droite,https://www.lemonde.fr/m-le-mag/article/2020/10/12/fred-perry-desavoue-ses-adeptes-d-extreme-droite_6055750_4500055.html
Le lapin chasseur : la recette d’Antoine Gerbelle,https://www.lemonde.fr/m-le-mag/article/2020/10/09/le-lapin-chasseur-la-recette-d-antoine-gerbelle_6055449_4500055.html
Le pâté bourbonnais : la recette de Loïc Ballet,https://www.lemonde.fr/m-styles/article/2020/10/02/le-pate-bourbonnais-la-recette-de-loic-ballet_6054546_4497319.html
Le tourin à l’ail : la recette d’Alice Quillet,https://www.lemonde.fr/les-recettes-du-monde/article/2020/09/25/le-tourin-a-l-ail-la-recette-d-alice-quillet_6053587_5324493.html
Le cornbread : la recette de Lindsey Tramuta,https://www.lemonde.fr/les-recettes-du-monde/article/2020/09/18/le-cornbread-la-recette-de-lindsey-tramuta_6052728_5324493.html
La salade 100 % jardin : la recette de Romain Raimbault,https://www.lemonde.fr/les-recettes-du-monde/article/2020/09/11/la-salade-100-jardin-la-recette-de-romain-raimbault_6051807_5324493.html
Les bananes flambées : la recette de Nathalie George,https://www.lemonde.fr/les-recettes-du-monde/article/2020/09/04/les-bananes-flambees-la-recette-de-nathalie-george_6050964_5324493.html
Les spaetzles : la recette de Matthieu Maisons,https://www.lemonde.fr/les-recettes-du-monde/article/2020/08/28/les-spaetzles-la-recette-de-matthieu-maisons_6050193_5324493.html
Les meilleurs ordinateurs portables professionnels,https://www.lemonde.fr/guides-d-achat/article/2019/07/19/quel-ordinateur-portable-professionnel-choisir_5491363_5306571.html
Les meilleures douches solaires de camping,https://www.lemonde.fr/guides-d-achat/article/2020/09/13/les-meilleures-douches-solaires-de-camping_6052009_5306571.html
Des gourdes et mugs isothermes pour remplacer les bouteilles en plastique et les gobelets jetables,https://www.lemonde.fr/guides-d-achat/article/2020/08/29/des-gourdes-et-mugs-isothermes-pour-remplacer-les-bouteilles-en-plastique-et-les-gobelets-jetables_6050284_5306571.html
"Les meilleures montres connectées, bracelets connectés et montres de running",https://www.lemonde.fr/guides-d-achat/article/2019/11/08/les-meilleurs-montres-connectees-bracelets-connectes-et-montres-de-running_6018557_5306571.html
La fusion en cours fait rater sa rentrée à l’université de Paris,https://www.lemonde.fr/societe/article/2020/10/13/la-fusion-en-cours-fait-rater-sa-rentree-a-l-universite-de-paris_6055857_3224.html
O21 | Retrouvez la vidéo de la conférence « Bien s’orienter dans un monde qui se transforme »,https://www.lemonde.fr/campus/live/2020/10/09/o21-rennes-participez-en-direct-a-la-conference-bien-s-orienter-dans-un-monde-qui-se-transforme_6055464_4401467.html
"Dans l’enseignement supérieur, l’heure de gloire des « ingénieurs pédagogiques »",https://www.lemonde.fr/campus/article/2020/10/13/dans-l-enseignement-superieur-l-heure-de-gloire-des-ingenieurs-pedagogiques_6055792_4401467.html
"Marion Verdaguer, l’infirmière bretonne qui a rendu l’hôpital polyglotte",https://www.lemonde.fr/campus/article/2020/10/12/marion-verdaguer-l-infirmiere-bretonne-qui-a-rendu-l-hopital-polyglotte_6055735_4401467.html
O21 | Retrouvez la vidéo de la conférence « Trouver une voie qui a du sens pour soi »,https://www.lemonde.fr/campus/live/2020/10/09/o21-rennes-participez-en-direct-a-la-conference-trouver-une-voie-qui-a-du-sens-pour-soi_6055465_4401467.html
"Faire cours en ligne, un défi pour les enseignants-chercheurs",https://www.lemonde.fr/campus/article/2020/10/13/faire-cours-en-ligne-un-defi-pour-les-enseignants-chercheurs_6055793_4401467.html
« Je ne m’occupe plus que du Covid » : paroles d’infirmiers et de médecins scolaires,https://www.lemonde.fr/education/article/2020/10/12/je-ne-m-occupe-plus-que-du-covid-infirmiers-et-medecins-scolaires-en-premiere-ligne_6055731_1473685.html
Retraite : un ancien salarié sur dix a vu sa pension modifiée en octobre (parfois à la baisse),https://www.lemonde.fr/argent/article/2020/10/13/retraite-un-ancien-salarie-sur-dix-a-vu-sa-pension-modifiee-en-octobre-parfois-a-la-baisse_6055856_1657007.html
Faut-il déclarer aux impôts l’argent prêté par un proche ?,https://www.lemonde.fr/argent/article/2020/10/13/faut-il-declarer-aux-impots-l-argent-prete-par-un-proche_6055800_1657007.html
Ces fintech qui font de l’œil aux jeunes,https://www.lemonde.fr/argent/article/2020/10/12/ces-fintech-qui-font-de-l-il-aux-jeunes_6055668_1657007.html
Immobilier : comment bien vendre son bien ?,https://www.lemonde.fr/argent/article/2020/10/11/immobilier-comment-bien-vendre-son-bien_6055599_1657007.html
« Le Monde » a décerné ses Prix de l’innovation urbaine 2020,https://www.lemonde.fr/smart-cities/article/2020/06/29/le-monde-a-decerne-ses-prix-de-l-innovation-urbaine-2020_6044603_4811534.html
"Boribana, le bidonville d’Abidjan sacrifié sur l’autel du développement",https://www.lemonde.fr/afrique/article/2020/10/12/boribana-le-bidonville-d-abidjan-sacrifie-sur-l-autel-du-developpement_6055753_3212.html
L’organisme HLM de Rennes sanctionné pour avoir utilisé le fichier des locataires à des fins politiques,https://www.lemonde.fr/societe/article/2020/10/12/l-organisme-hlm-de-rennes-sanctionne-pour-avoir-utilise-le-fichier-des-locataires-a-des-fins-politiques_6055749_3224.html
Photo Mystère #26 : La Condition publique à Roubaix,https://www.lemonde.fr/smart-cities/article/2020/10/12/photo-mystere-26-la-condition-publique-a-roubaix_6055678_4811534.html
"« Face à l’habitat indigne, nous devons agir plus vite et plus fort »",https://www.lemonde.fr/idees/article/2020/10/12/face-a-l-habitat-indigne-nous-devons-agir-plus-vite-et-plus-fort_6055676_3232.html
La maire de Nantes confirme que le drapeau breton flottera dans la cour de l’hôtel de ville la « première quinzaine de décembre »,https://www.lemonde.fr/politique/article/2020/10/11/la-maire-de-nantes-confirme-que-le-drapeau-breton-flottera-dans-la-cour-de-l-hotel-de-ville-la-premiere-quinzaine-de-decembre_6055623_823448.html
« Marseille n’est pas condamnée à regarder passer les trains invisibles de l’Internet mondial »,https://www.lemonde.fr/idees/article/2020/10/11/marseille-n-est-pas-condamnee-a-regarder-passer-les-trains-invisibles-de-l-internet-mondial_6055606_3232.html
